{
    "angles_list": [
        -55.0,
        -54.0,
        -53.0,
        -52.0,
        -51.0,
        -50.0,
        -49.0,
        -48.0,
        -47.0,
        -46.0,
        -45.0,
        -44.0,
        -43.0,
        -42.0,
        -41.0,
        -40.0,
        -39.0,
        -38.0,
        -37.0,
        -36.0,
        -35.0,
        -34.0,
        -33.0,
        -32.0,
        -31.0,
        -30.0,
        -29.0,
        -28.0,
        -27.0,
        -26.0,
        -25.0,
        -24.0,
        -23.0,
        -22.0,
        -21.0,
        -20.0,
        -19.0,
        -18.0,
        -17.0,
        -16.0,
        -15.0,
        -14.0,
        -13.0,
        -12.0,
        -11.0,
        -10.0,
        -9.0,
        -8.0,
        -7.0,
        -6.0,
        -5.0,
        -4.0,
        -3.0,
        -2.0,
        -1.0,
        0.0,
        1.0,
        2.0,
        3.0,
        4.0,
        5.0,
        6.0,
        7.0,
        8.0,
        9.0,
        10.0,
        11.0,
        12.0,
        13.0,
        14.0,
        15.0,
        16.0,
        17.0,
        18.0,
        19.0,
        20.0,
        21.0,
        22.0,
        23.0,
        24.0,
        25.0,
        26.0,
        27.0,
        28.0,
        29.0,
        30.0,
        31.0,
        32.0,
        33.0,
        34.0,
        35.0,
        36.0,
        37.0,
        38.0,
        39.0,
        40.0,
        41.0,
        42.0,
        43.0,
        44.0,
        45.0,
        46.0,
        47.0,
        48.0,
        49.0,
        50.0,
        51.0,
        52.0,
        53.0,
        54.0,
        55.0
    ],
    "mid_points": [
        3.799077731514622,
        3.8095224393741263,
        3.819067684350377,
        3.8357588236044924,
        3.8549465022303173,
        3.9015142750020937,
        3.953485422568435,
        4.000204296375487,
        4.018529646667145,
        4.073406495428432,
        4.0541392267769165,
        3.991090987383544,
        3.9264760172293034,
        3.8719923446860958,
        3.8270600210274637,
        3.781490721534658,
        3.7897864438644424,
        3.7855024074831642,
        3.82869017251543,
        3.838608874918988,
        3.841581332785898,
        3.797952173054983,
        3.779507763858525,
        3.7847417637761738,
        3.801304598785822,
        3.8192050262095685,
        3.797279287008756,
        3.7952541192063265,
        3.7927004776309734,
        3.8088444820458043,
        3.8796630451221703,
        3.919483599475453,
        3.98073119875149,
        4.044996828159383,
        4.0722240637195,
        4.023828787827392,
        3.9582368033915105,
        3.8677093311414485,
        3.815535217396086,
        3.813433331493401,
        3.823132457476484,
        3.8476034870899167,
        3.8493990514298786,
        3.8403529577406372,
        3.802776273671087,
        3.792074430739595,
        3.7807982686030828,
        3.808456464849127,
        3.8132395913760977,
        3.8072009800429347,
        3.7888177814491955,
        3.814999872250745,
        3.9066321261508854,
        3.965920508024693,
        4.026443440595073,
        4.051857506453726,
        3.979264053633242,
        3.909782845272807,
        3.8278523119691426,
        3.7921080866472003,
        3.789512626647156,
        3.814370625281525,
        3.856309778970558,
        3.83034430336049,
        3.821174737262038,
        3.788664772609719,
        3.7981491367783176,
        3.812592809120772,
        3.81089246812577,
        3.800858278935044,
        3.790599958081407,
        3.814040893960306,
        3.8548709217236117,
        3.934625258806565,
        4.0100397121230875,
        4.042101558331458,
        4.086234727877295,
        4.020403818895838,
        3.9330251969606875,
        3.8527135913574972,
        3.822607243010255,
        3.806315401715077,
        3.805727571601399,
        3.8596404454206854,
        3.8459059353748257,
        3.838866223509168,
        3.798411762342416,
        3.789023199609064,
        3.769886810624836,
        3.78694608275203,
        3.801062694745,
        3.805643148131833,
        3.784600461186854,
        3.7950442983735537,
        3.7969920256046708,
        3.8046496848655105,
        3.894772440936509,
        3.929160612261903,
        3.994567848349948,
        4.01417955547626,
        4.0796973349004,
        4.068918040222753,
        4.028155750216085,
        3.9679724941520718,
        3.938202965965387,
        3.8362041485158,
        3.833896746794058,
        3.8274132329499064,
        3.801793295664811,
        3.8246952683444952,
        3.8335745312437286
    ]
}